Domain,Status,Attractiveness,Demand,Length,Sectors,Created,Expires,Registrar
brief.surgery,available,124,19%,5,"Business,Education,General,Law",,,
second.surgery,available,120,23%,6,"General,Mathematics",,,
complete.surgery,available,120,21%,8,"Manufacturing,Retail,Technology",,,
wizard.surgery,available,118,42%,6,"Entertainment,Media,Technology",,,
flat.surgery,available,116,24%,4,"Construction,Real Estate",,,
tenth.surgery,available,116,7%,5,Mathematics,,,
equal.surgery,available,116,19%,5,"Education,General,Law",,,
zero.surgery,available,112,49%,4,Mathematics,,,
acute.surgery,available,112,9%,5,"Mathematics,Medicine,Science",,,
hotshot.surgery,available,112,14%,7,"Business,Entertainment,Sports",,,
above.surgery,available,112,22%,5,Business,,,
abstract.surgery,available,108,29%,8,"Arts,Humanities,Science",,,
abiding.surgery,available,106,5%,7,"General,Religion",,,
expert.surgery,available,104,26%,6,"Business,Education,Technology",,,
active.surgery,available,104,27%,6,"Health and Fitness,Sports,Travel",,,
teen.surgery,available,104,14%,4,"Education,Entertainment,Healthcare",,,
extra.surgery,available,102,26%,5,"Fashion,Retail,Technology",,,
captive.surgery,available,102,14%,7,"Entertainment,Hospitality,Technology",,,
eight.surgery,available,102,23%,5,"General,Mathematics",,,
absent.surgery,available,102,8%,6,"Business,Education,Technology",,,
whiz.surgery,available,100,12%,4,"Business,Education,Technology",,,
adjunct.surgery,available,100,5%,7,Education,,,
remove.surgery,available,100,13%,6,"Construction,Manufacturing,Technology",,,
crack.surgery,available,100,20%,5,Sports,,,
third.surgery,available,100,16%,5,Mathematics,,,
ninth.surgery,available,100,9%,5,Mathematics,,,
eighth.surgery,available,100,6%,6,Mathematics,,,
sixth.surgery,available,100,8%,5,Mathematics,,,
abrupt.surgery,available,100,3%,6,"Medicine,Science",,,
whizz.surgery,available,98,11%,5,"Business,Education,Technology",,,
genius.surgery,available,98,46%,6,"Arts,Education,Technology",,,
doable.surgery,available,96,9%,6,"Business,Education,Technology",,,
actual.surgery,available,96,22%,6,"Real Estate,Retail,Technology",,,
forgiving.surgery,available,96,3%,9,"Healthcare,Religion",,,
alamode.surgery,available,96,12%,9,Fashion,,,
abject.surgery,available,94,7%,6,Humanities,,,
adequate.surgery,available,94,9%,8,"Education,Healthcare,Technology",,,
about.surgery,available,94,28%,5,"Business,General,Media,Technology",,,
virtuoso.surgery,available,94,16%,8,"Arts,Entertainment",,,
around.surgery,available,94,22%,6,"Business,General,Media,Technology",,,
neutral.surgery,available,92,20%,7,"Business,Media,Politics",,,
adept.surgery,available,92,24%,5,"Education,Health and Fitness,Sports",,,
derelict.surgery,available,92,7%,8,"Construction,Real Estate",,,
nought.surgery,available,92,4%,6,Mathematics,,,
next.surgery,available,92,43%,4,"Retail,Technology,Transportation",,,
twentieth.surgery,available,92,3%,9,Mathematics,,,
exemplary.surgery,available,92,5%,9,"Business,Education,Healthcare",,,
adjective.surgery,available,92,5%,9,Education,,,
abroad.surgery,available,92,12%,6,"Hospitality,Travel",,,
addictive.surgery,available,90,9%,9,Healthcare,,,
clear.surgery,available,90,47%,5,"Manufacturing,Retail,Technology",,,
gripping.surgery,available,90,3%,8,"Entertainment,Media,Technology",,,
abortive.surgery,available,90,1%,8,"Medicine,Science",,,
riveting.surgery,available,90,6%,8,"Entertainment,Media,Technology",,,
endearing.surgery,available,90,1%,9,"Entertainment,Fashion,Retail",,,
leash.surgery,available,90,7%,5,"General,Health and Fitness,Retail",,,
additional.surgery,available,90,8%,10,"Fashion,Retail,Technology",,,
adoring.surgery,available,90,2%,7,"Entertainment,Fashion,Retail",,,
twelve.surgery,available,88,18%,6,"General,Mathematics",,,
ten.surgery,available,88,28%,3,"General,Mathematics",,,
wide.surgery,available,88,18%,4,"Business,Media,Technology",,,
proficient.surgery,available,88,8%,10,"Education,Health and Fitness,Sports",,,
adlib.surgery,available,88,7%,6,Entertainment,,,
activist.surgery,available,88,12%,8,"Humanities,Politics",,,
eleven.surgery,available,88,33%,6,Mathematics,,,
sixteen.surgery,available,88,11%,7,Mathematics,,,
hundred.surgery,available,88,14%,7,Mathematics,,,
three.surgery,available,88,24%,5,Mathematics,,,
ace.surgery,available,88,34%,3,Sports,,,
fifteen.surgery,available,88,13%,7,Mathematics,,,
actionable.surgery,available,88,13%,10,"Business,Law",,,
engrossing.surgery,available,86,0%,10,"Entertainment,Media,Technology",,,
recondite.surgery,available,86,4%,9,"Arts,Humanities,Science",,,
intent.surgery,available,86,25%,6,"Business,Education,Technology",,,
xix.surgery,available,86,11%,3,Mathematics,,,
star.surgery,available,86,40%,4,"Entertainment,Media,Sports",,,
aboriginal.surgery,available,86,10%,10,Humanities,,,
adolescent.surgery,available,86,3%,10,"Education,Entertainment,Healthcare",,,
cipher.surgery,available,86,29%,6,Mathematics,,,
extempore.surgery,available,86,3%,9,Entertainment,,,
xiv.surgery,available,86,12%,3,Mathematics,,,
attendant.surgery,available,86,5%,9,"Healthcare,Hospitality,Transportation",,,
seventeen.surgery,available,84,7%,9,Mathematics,,,
acting.surgery,available,84,12%,6,Entertainment,,,
grand.surgery,available,84,25%,5,"Finance,General",,,
twentytwo.surgery,available,84,11%,10,Mathematics,,,
fourteen.surgery,available,84,8%,8,Mathematics,,,
deviate.surgery,available,84,12%,7,"Medicine,Science",,,
nineteen.surgery,available,84,8%,8,Mathematics,,,
adjustable.surgery,available,84,3%,10,"Manufacturing,Retail,Technology",,,
thousand.surgery,available,84,8%,8,Mathematics,,,
thirteen.surgery,available,84,10%,8,Mathematics,,,
accessory.surgery,available,84,8%,9,"Fashion,Retail,Technology",,,
sharp.surgery,available,84,34%,5,"Arts,Fashion",,,
twentyone.surgery,available,84,13%,10,Mathematics,,,
altered.surgery,available,82,9%,7,"Medicine,Science",,,
cleansing.surgery,available,82,3%,9,Health and Fitness,,,
decade.surgery,available,82,10%,6,Mathematics,,,
abdominal.surgery,available,82,1%,9,"Health and Fitness,Medicine",,,
fivesome.surgery,available,82,1%,8,Sports,,,
abkhaz.surgery,available,82,1%,6,Geography,,,
abenaki.surgery,available,82,2%,7,Geography,,,
abroach.surgery,available,82,1%,7,Food and Beverage,,,
enduring.surgery,available,82,9%,8,"Health and Fitness,Religion",,,
impromptu.surgery,available,82,16%,9,Entertainment,,,
dozen.surgery,available,82,10%,5,Mathematics,,,
absorbent.surgery,available,82,3%,9,"Healthcare,Manufacturing,Retail",,,
abundant.surgery,available,80,19%,8,"Agriculture,Manufacturing,Retail",,,
worshipful.surgery,available,80,1%,10,"Education,Healthcare,Religion",,,
nine.surgery,available,80,24%,4,"General,Mathematics",,,
superstar.surgery,available,80,18%,9,Entertainment,,,
twenty.surgery,available,80,12%,6,Mathematics,,,
capable.surgery,available,80,12%,7,"Business,Education,Technology",,,
first.surgery,available,80,36%,5,"General,Mathematics",,,
some.surgery,available,80,32%,4,"Business,Media,Retail",,,
able.surgery,available,80,29%,4,"Business,Education,General,Technology",,,
forty.surgery,available,80,9%,5,Mathematics,,,
adoptable.surgery,available,80,3%,9,"Education,Healthcare",,,
trio.surgery,available,80,21%,4,Entertainment,,,
absurd.surgery,available,80,16%,6,"Arts,Entertainment,Media",,,
dorsal.surgery,available,80,6%,6,"Medicine,Science",,,
absolute.surgery,available,80,25%,8,"Engineering,Mathematics,Science",,,
yard.surgery,available,80,26%,4,"Construction,General",,,
absorbable.surgery,available,80,0%,10,"Healthcare,Pharmaceuticals,Science",,,
seventh.surgery,available,80,10%,7,Mathematics,,,
wiz.surgery,available,80,30%,3,"Business,Education,Technology",,,
sequent.surgery,available,80,7%,7,"Healthcare,Insurance,Transportation",,,
two.surgery,available,80,24%,3,Mathematics,,,
low.surgery,available,78,20%,3,"Business,Finance",,,
abounding.surgery,available,78,2%,9,Agriculture,,,
abkhasian.surgery,available,78,1%,9,Geography,,,
acceptable.surgery,available,78,5%,10,"Business,Hospitality,Retail",,,
recognised.surgery,available,78,3%,10,"Business,Education,Technology",,,
adorable.surgery,available,78,8%,8,"Entertainment,Fashion,Retail",,,
accessible.surgery,available,78,21%,10,"Healthcare,Retail,Technology",,,
honestly.surgery,available,78,9%,8,"Business,Law",,,
abkhazian.surgery,available,78,1%,9,Geography,,,
twentysix.surgery,available,78,8%,10,Mathematics,,,
acceptant.surgery,available,78,1%,9,"Education,Healthcare",,,
adjacent.surgery,available,78,9%,8,"Construction,Real Estate,Retail",,,
sixtynine.surgery,available,78,8%,10,Mathematics,,,
accurate.surgery,available,78,16%,8,"Engineering,Mathematics,Science",,,
accepted.surgery,available,78,6%,8,"Business,Education,Technology",,,
dormant.surgery,available,78,4%,7,"Medicine,Science",,,
recognized.surgery,available,78,3%,10,"Business,Education,Technology",,,
absorptive.surgery,available,78,1%,10,"Healthcare,Manufacturing,Retail",,,
athletic.surgery,available,78,15%,8,"Health and Fitness,Sports",,,
accidental.surgery,available,78,11%,10,"Healthcare,Insurance,Transportation",,,
resultant.surgery,available,76,2%,9,"Healthcare,Insurance,Transportation",,,
energizing.surgery,available,76,3%,10,"Food and Beverage,Health and Fitness,Travel",,,
hundredth.surgery,available,76,1%,9,Mathematics,,,
ventral.surgery,available,76,3%,7,Science,,,
adipose.surgery,available,76,2%,7,"Healthcare,Science",,,
obscene.surgery,available,76,5%,7,"Entertainment,Media",,,
adhesive.surgery,available,76,7%,8,"Construction,Manufacturing,Technology",,,
thirteenth.surgery,available,76,4%,10,Mathematics,,,
fifteenth.surgery,available,76,2%,9,Mathematics,,,
threed.surgery,available,76,7%,7,Technology,,,
ague.surgery,available,76,2%,4,"Geography,Medicine,Science",,,
incidental.surgery,available,76,4%,10,"Healthcare,Insurance,Transportation",,,
eighteen.surgery,available,76,7%,8,Mathematics,,,
acoustic.surgery,available,76,14%,8,Science,,,
thousandth.surgery,available,76,1%,10,Mathematics,,,
fourteenth.surgery,available,76,1%,10,Mathematics,,,
ancillary.surgery,available,76,6%,9,"Healthcare,Manufacturing,Technology",,,
adaptive.surgery,available,76,28%,8,"Business,Education,Technology",,,
adherent.surgery,available,76,4%,8,"Politics,Religion",,,
auxiliary.surgery,available,76,7%,9,"Healthcare,Manufacturing,Technology",,,
adaptable.surgery,available,76,9%,9,"Business,Education,Technology",,,
improvise.surgery,available,76,4%,9,Entertainment,,,
abrasive.surgery,available,76,6%,8,"Construction,Manufacturing",,,
firstrate.surgery,available,76,6%,10,Business,,,
addable.surgery,available,76,2%,7,"Engineering,Mathematics,Science",,,
nineteenth.surgery,available,76,3%,10,Mathematics,,,
aberrant.surgery,available,74,6%,8,"Medicine,Science",,,
activated.surgery,available,74,9%,9,"Healthcare,Manufacturing,Technology",,,
adamant.surgery,available,74,14%,7,Religion,,,
skilful.surgery,available,74,3%,7,"Education,Health and Fitness,Sports",,,
adapted.surgery,available,74,6%,7,"Healthcare,Manufacturing,Technology",,,
admirable.surgery,available,74,5%,9,"Business,Education,Healthcare",,,
adrenergic.surgery,available,74,1%,10,"Education,Healthcare,Science",,,
supra.surgery,available,74,25%,5,"Medicine,Science",,,
playing.surgery,available,74,12%,7,Entertainment,,,
adenoid.surgery,available,74,1%,7,"Health and Fitness,Medicine,Science",,,
cleared.surgery,available,74,7%,7,"Healthcare,Law,Transportation",,,
achievable.surgery,available,74,4%,10,"Business,Education,Technology",,,
manageable.surgery,available,74,4%,10,"Business,Education,Technology",,,
accepting.surgery,available,74,3%,9,"Education,Healthcare",,,
mavin.surgery,available,74,7%,5,"Entertainment,Fashion,Technology",,,
abnormal.surgery,available,74,16%,8,"Medicine,Science",,,
single.surgery,available,74,19%,6,Sports,,,
broad.surgery,available,74,13%,5,"Entertainment,General,Media",,,
sensation.surgery,available,74,7%,9,"Entertainment,Media,Sports",,,
acuate.surgery,available,74,2%,6,"Engineering,Medicine,Science",,,
realizable.surgery,available,74,1%,10,"Business,Education,Technology",,,
absorbed.surgery,available,72,2%,8,"Entertainment,Media,Technology",,,
sixtieth.surgery,available,72,1%,8,Mathematics,,,
lovely.surgery,available,72,26%,6,"Entertainment,Fashion,Retail",,,
addicted.surgery,available,72,9%,8,Healthcare,,,
accustomed.surgery,available,72,1%,10,"Business,Education,Humanities",,,
accusative.surgery,available,72,0%,10,"Humanities,Law",,,
ablaze.surgery,available,72,6%,6,Entertainment,,,
adonic.surgery,available,72,2%,6,"Arts,Education,Entertainment",,,
adjectival.surgery,available,72,1%,10,Education,,,
ninetieth.surgery,available,72,1%,9,Mathematics,,,
adjunctive.surgery,available,72,1%,10,"Healthcare,Manufacturing,Technology",,,
absolutist.surgery,available,72,1%,10,"Humanities,Law,Politics",,,
existent.surgery,available,72,3%,8,"Mathematics,Science",,,
champion.surgery,available,72,28%,8,"Entertainment,Health and Fitness,Sports",,,
ternary.surgery,available,72,7%,7,Mathematics,,,
abloom.surgery,available,72,5%,6,Agriculture,,,
seventieth.surgery,available,72,1%,10,Mathematics,,,
liv.surgery,available,72,27%,3,Mathematics,,,
adiabatic.surgery,available,72,3%,9,"Engineering,Science",,,
improvize.surgery,available,72,1%,9,Entertainment,,,
eightieth.surgery,available,72,1%,9,Mathematics,,,
aching.surgery,available,72,4%,6,Healthcare,,,
trinity.surgery,available,72,18%,7,Religion,,,
adaptative.surgery,available,72,1%,10,"Business,Education,Technology",,,
engrossed.surgery,available,72,1%,9,"Entertainment,Media,Technology",,,
abreast.surgery,available,72,2%,7,"Business,Technology",,,
trey.surgery,available,72,14%,4,Sports,,,
lowdown.surgery,available,70,6%,8,"Entertainment,Media",,,
gymnastic.surgery,available,70,3%,9,"Entertainment,Sports",,,
acuminate.surgery,available,70,1%,9,"Engineering,Medicine,Science",,,
absorbing.surgery,available,70,3%,9,"Entertainment,Media,Technology",,,
adamantine.surgery,available,70,4%,10,Religion,,,
adored.surgery,available,70,6%,6,"Entertainment,Fashion,Retail",,,
adjusted.surgery,available,70,5%,8,"Manufacturing,Retail,Technology",,,
abulic.surgery,available,70,1%,6,Medicine,,,
practiced.surgery,available,70,3%,9,"Education,Health and Fitness,Sports",,,
miserable.surgery,available,70,4%,9,Humanities,,,
consequent.surgery,available,70,3%,10,"Business,Education,General,Technology",,,
admired.surgery,available,70,5%,7,"Business,Education,Healthcare",,,
stillborn.surgery,available,70,2%,9,"Medicine,Science",,,
tiptop.surgery,available,70,24%,6,Fashion,,,
recumbent.surgery,available,70,2%,9,"Healthcare,Medicine,Science",,,
abradant.surgery,available,70,1%,8,"Construction,Manufacturing",,,
accumbent.surgery,available,70,1%,9,"Healthcare,Medicine,Science",,,
unity.surgery,available,70,40%,5,Mathematics,,,
skillful.surgery,available,70,9%,8,"Education,Health and Fitness,Sports",,,
offhand.surgery,available,70,2%,7,Entertainment,,,
achaean.surgery,available,68,2%,7,Humanities,,,
septenary.surgery,available,68,1%,9,Mathematics,,,
scurvy.surgery,available,68,3%,6,Humanities,,,
decorated.surgery,available,68,3%,9,"Entertainment,Fashion,Retail",,,
thirtieth.surgery,available,68,1%,9,Mathematics,,,
abnaki.surgery,available,68,1%,6,Geography,,,
licenced.surgery,available,68,2%,8,"Business,Healthcare,Insurance",,,
ane.surgery,available,68,12%,3,Mathematics,,,
overseas.surgery,available,68,12%,8,"Hospitality,Travel",,,
accredited.surgery,available,68,9%,10,"Business,Education,Healthcare",,,
vindicated.surgery,available,68,2%,10,"Humanities,Law,Politics",,,
achaian.surgery,available,68,2%,7,Humanities,,,
fortieth.surgery,available,68,0%,8,Mathematics,,,
stygian.surgery,available,68,5%,7,Humanities,,,
abkhas.surgery,available,68,0%,6,Geography,,,
ablative.surgery,available,68,3%,8,Science,,,
licensed.surgery,available,68,5%,8,"Business,Healthcare,Insurance",,,
aculeate.surgery,available,68,1%,8,"Engineering,Medicine,Science",,,
foursome.surgery,available,68,4%,8,Sports,,,
sevener.surgery,available,68,1%,7,Mathematics,,,
activating.surgery,available,68,3%,10,"Healthcare,Manufacturing,Technology",,,
disciple.surgery,available,68,14%,8,"Education,Religion",,,
octonary.surgery,available,68,1%,8,Mathematics,,,
threesome.surgery,available,68,5%,9,Entertainment,,,
acerate.surgery,available,68,1%,7,Science,,,
aroused.surgery,available,68,3%,7,"Entertainment,Health and Fitness",,,
abducent.surgery,available,68,0%,8,Medicine,,,
aberdonian.surgery,available,68,1%,10,Geography,,,
ennead.surgery,available,68,5%,6,Mathematics,,,
fiftieth.surgery,available,68,0%,8,Mathematics,,,
abstinent.surgery,available,66,1%,9,"Health and Fitness,Religion",,,
maven.surgery,available,66,30%,5,"Entertainment,Fashion,Technology",,,
five.surgery,available,66,26%,4,Mathematics,,,
xvi.surgery,available,66,5%,3,Mathematics,,,
exonerated.surgery,available,66,2%,10,"Humanities,Law,Politics",,,
fifty.surgery,available,66,12%,5,Mathematics,,,
xxv.surgery,available,66,6%,3,Mathematics,,,
deuce.surgery,available,66,9%,5,Sports,,,
acrobatic.surgery,available,66,4%,9,"Entertainment,Sports",,,
acappella.surgery,available,66,6%,10,Entertainment,,,
modish.surgery,available,66,5%,6,Fashion,,,
xviii.surgery,available,66,5%,5,Mathematics,,,
xxvi.surgery,available,66,3%,4,Mathematics,,,
century.surgery,available,66,17%,7,Education,,,
xii.surgery,available,66,10%,3,Mathematics,,,
xxii.surgery,available,66,6%,4,Mathematics,,,
sextet.surgery,available,66,1%,6,Entertainment,,,
acervate.surgery,available,66,1%,8,Science,,,
adopted.surgery,available,66,4%,7,"Education,Healthcare",,,
clv.surgery,available,66,10%,3,Mathematics,,,
accessary.surgery,available,66,1%,9,"Business,Law,Technology",,,
performing.surgery,available,66,6%,10,Entertainment,,,
xxi.surgery,available,66,10%,3,Mathematics,,,
according.surgery,available,66,3%,9,"Business,Education,Technology",,,
ninety.surgery,available,66,11%,6,Mathematics,,,
tenner.surgery,available,66,5%,6,Finance,,,
xvii.surgery,available,66,5%,4,Mathematics,,,
four.surgery,available,66,27%,4,Mathematics,,,
adorned.surgery,available,66,5%,7,"Entertainment,Fashion,Retail",,,
thirty.surgery,available,66,8%,6,Mathematics,,,
buzzing.surgery,available,66,7%,7,"Entertainment,Media,Technology",,,
xiii.surgery,available,66,9%,4,Mathematics,,,
teenager.surgery,available,66,4%,8,"Education,Entertainment,Healthcare",,,
latest.surgery,available,66,18%,6,Technology,,,
eighty.surgery,available,66,6%,6,Mathematics,,,
onec.surgery,available,66,6%,5,Mathematics,,,
astringent.surgery,available,64,1%,10,"Healthcare,Pharmaceuticals",,,
acentric.surgery,available,64,2%,8,Science,,,
absolved.surgery,available,64,1%,8,"Humanities,Law,Religion",,,
nondrinker.surgery,available,64,1%,10,"Health and Fitness,Religion",,,
accordant.surgery,available,64,3%,9,"Arts,Entertainment",,,
scatty.surgery,available,64,1%,6,"Arts,Entertainment,Media",,,
adagio.surgery,available,64,14%,6,Entertainment,,,
aflame.surgery,available,64,3%,6,Entertainment,,,
deviant.surgery,available,64,12%,7,"Medicine,Science",,,
ccc.surgery,available,64,38%,3,Mathematics,,,
rising.surgery,available,64,18%,6,"Construction,Manufacturing,Real Estate",,,
aborigine.surgery,available,62,1%,9,Humanities,,,
eleventh.surgery,available,62,5%,8,Mathematics,,,
acidic.surgery,available,62,5%,6,"Food and Beverage,Science",,,
aufait.surgery,available,62,3%,7,"Fashion,Media",,,
admissible.surgery,available,62,1%,10,"Education,Healthcare,Law",,,
pungent.surgery,available,62,1%,7,Food and Beverage,,,
ensuant.surgery,available,62,1%,7,"Healthcare,Insurance,Transportation",,,
troika.surgery,available,62,8%,6,Politics,,,
nail.surgery,available,62,16%,4,"Construction,Fashion,General,Retail",,,
activistic.surgery,available,62,1%,10,"Humanities,Politics",,,
accusing.surgery,available,62,1%,8,Law,,,
orso.surgery,available,62,9%,5,"Business,Media,Technology",,,
chiliad.surgery,available,62,2%,7,Mathematics,,,
wrapped.surgery,available,62,13%,7,"Fashion,Hospitality,Retail",,,
fortyfour.surgery,available,62,6%,10,Mathematics,,,
accrued.surgery,available,62,2%,7,"Banking,Finance,Insurance",,,
longdozen.surgery,available,62,2%,10,Mathematics,,,
exculpated.surgery,available,62,1%,10,"Humanities,Law,Politics",,,
adoptive.surgery,available,62,1%,8,"Education,Healthcare",,,
roughly.surgery,available,62,3%,7,"Business,Media,Technology",,,
playacting.surgery,available,62,1%,10,Entertainment,,,
eighteenth.surgery,available,62,1%,10,Mathematics,,,
activation.surgery,available,62,16%,10,"Healthcare,Manufacturing,Technology",,,
quartet.surgery,available,62,7%,7,"Arts,Entertainment",,,
twodozen.surgery,available,62,1%,9,Mathematics,,,
adjuvant.surgery,available,62,5%,8,"Healthcare,Manufacturing,Technology",,,
abo.surgery,available,62,15%,3,Science,,,
cumulative.surgery,available,62,2%,10,"Banking,Finance,Insurance",,,
sixteenth.surgery,available,62,1%,9,Mathematics,,,
abashed.surgery,available,60,1%,7,Humanities,,,
clxxx.surgery,available,60,1%,5,Mathematics,,,
abstemious.surgery,available,60,0%,10,"Food and Beverage,Health and Fitness,Hospitality",,,
cxx.surgery,available,60,10%,3,Mathematics,,,
cxlv.surgery,available,60,2%,4,Mathematics,,,
octet.surgery,available,60,12%,5,Arts,,,
paunchy.surgery,available,60,0%,7,"Health and Fitness,Medicine",,,
adnate.surgery,available,60,1%,6,"Agriculture,Manufacturing,Retail",,,
cxxxv.surgery,available,60,2%,5,Mathematics,,,
thou.surgery,available,60,7%,4,Mathematics,,,
idolized.surgery,available,60,3%,8,"Entertainment,Fashion,Retail",,,
clxxv.surgery,available,60,1%,5,Mathematics,,,
cautionary.surgery,available,60,1%,10,"Business,Education,Healthcare",,,
clx.surgery,available,60,10%,3,Mathematics,,,
tertiary.surgery,available,60,4%,8,Education,,,
aboveboard.surgery,available,60,5%,10,"Business,Law",,,
acceptive.surgery,available,60,1%,9,"Education,Healthcare",,,
eightysix.surgery,available,60,7%,10,Mathematics,,,
adnexal.surgery,available,60,1%,7,"Agriculture,Manufacturing,Retail",,,
idolised.surgery,available,60,1%,8,"Entertainment,Fashion,Retail",,,
clxv.surgery,available,60,1%,4,Mathematics,,,
xcl.surgery,available,60,5%,3,Mathematics,,,
cxl.surgery,available,60,7%,3,Mathematics,,,
annexal.surgery,available,60,1%,7,"Agriculture,Manufacturing,Retail",,,
sixty.surgery,available,60,13%,5,Mathematics,,,
abstainer.surgery,available,60,0%,9,"Health and Fitness,Religion",,,
cxxv.surgery,available,60,1%,4,Mathematics,,,
cxv.surgery,available,60,4%,3,Mathematics,,,
cxxx.surgery,available,60,4%,4,Mathematics,,,
clxx.surgery,available,60,3%,4,Mathematics,,,
tercet.surgery,available,59,2%,6,"Arts,Entertainment,Media",,,
hexad.surgery,available,58,4%,5,Mathematics,,,
centesimal.surgery,available,58,1%,10,Mathematics,,,
addressed.surgery,available,58,3%,9,"Business,Technology,Telecommunications",,,
acetic.surgery,available,58,1%,6,"Food and Beverage,Science",,,
addible.surgery,available,58,2%,7,"Engineering,Mathematics,Science",,,
fourscore.surgery,available,58,4%,9,Mathematics,,,
pentad.surgery,available,58,2%,6,Mathematics,,,
linear.surgery,available,58,22%,6,"Engineering,Mathematics,Science",,,
lxxviii.surgery,available,58,1%,7,Mathematics,,,
fifth.surgery,available,58,12%,5,Mathematics,,,
sextuplet.surgery,available,58,1%,9,Healthcare,,,
accented.surgery,available,58,3%,8,"Arts,Entertainment",,,
sixer.surgery,available,58,5%,5,Sports,,,
enwrapped.surgery,available,58,0%,9,"Entertainment,Fashion,Media",,,
tetrad.surgery,available,58,5%,6,Mathematics,,,
justabout.surgery,available,58,3%,10,"Business,Media,Technology",,,
abuzz.surgery,available,58,5%,5,"Entertainment,Media,Technology",,,
octad.surgery,available,58,5%,5,Mathematics,,,
alacarte.surgery,available,58,11%,10,Food and Beverage,,,
cypher.surgery,available,58,29%,6,Mathematics,,,
acyclic.surgery,available,58,4%,7,"Engineering,Mathematics,Science",,,
offhanded.surgery,available,58,1%,9,Entertainment,,,
actuarial.surgery,available,58,8%,9,"Finance,Insurance,Mathematics",,,
heptad.surgery,available,58,1%,6,Mathematics,,,
super.surgery,available,58,47%,5,Business,,,
twelfth.surgery,available,58,2%,7,Mathematics,,,
abandoned.surgery,available,58,10%,9,"Construction,Real Estate",,,
abused.surgery,available,58,5%,6,"Healthcare,Law",,,
closeto.surgery,available,58,3%,8,"Business,Media,Technology",,,
niner.surgery,available,58,5%,5,Mathematics,,,
eighter.surgery,available,58,2%,7,Mathematics,,,
accretive.surgery,available,58,6%,9,"Banking,Finance,Insurance",,,
abridged.surgery,available,58,4%,8,Media,,,
adhoc.surgery,available,58,24%,6,"Business,Engineering,Technology",,,
quintet.surgery,available,58,8%,7,"Arts,Entertainment",,,
fourth.surgery,available,58,13%,6,Mathematics,,,
aucourant.surgery,available,58,3%,10,"Fashion,Media",,,
sixtyone.surgery,available,58,3%,9,Mathematics,,,
adient.surgery,available,58,4%,6,"Medicine,Science",,,
accoutred.surgery,available,58,1%,9,"Fashion,Manufacturing,Retail",,,
lxxx.surgery,available,58,2%,4,Mathematics,,,
seventy.surgery,available,58,7%,7,Mathematics,,,
ache.surgery,available,58,7%,4,Healthcare,,,
seven.surgery,available,58,36%,5,Mathematics,,,
adjustive.surgery,available,58,1%,9,"Manufacturing,Retail,Technology",,,
xxviii.surgery,available,56,1%,6,Mathematics,,,
fiftyfour.surgery,available,56,3%,10,Mathematics,,,
lvi.surgery,available,56,8%,3,Mathematics,,,
xxiii.surgery,available,56,5%,5,Mathematics,,,
accoutered.surgery,available,56,0%,10,"Fashion,Manufacturing,Retail",,,
terzetto.surgery,available,56,3%,8,Arts,,,
fortysix.surgery,available,56,3%,9,Mathematics,,,
xxxviii.surgery,available,56,1%,7,Mathematics,,,
abdominous.surgery,available,56,0%,10,"Health and Fitness,Medicine",,,
xliv.surgery,available,56,2%,4,Mathematics,,,
maledict.surgery,available,56,1%,8,Religion,,,
xxxii.surgery,available,56,1%,5,Mathematics,,,
xxxiv.surgery,available,56,1%,5,Mathematics,,,
admittable.surgery,available,56,1%,10,"Education,Healthcare,Hospitality",,,
xliii.surgery,available,56,1%,5,Mathematics,,,
appressed.surgery,available,56,0%,9,"Agriculture,Manufacturing,Retail",,,
xxxvi.surgery,available,56,1%,5,Mathematics,,,
thirtyone.surgery,available,56,5%,10,Mathematics,,,
thirtysix.surgery,available,56,5%,10,Mathematics,,,
halfdozen.surgery,available,56,1%,10,Mathematics,,,
thirtytwo.surgery,available,56,5%,10,Mathematics,,,
xlv.surgery,available,56,6%,3,Mathematics,,,
lviii.surgery,available,56,1%,5,Mathematics,,,
fiftyfive.surgery,available,56,7%,10,Mathematics,,,
xxxi.surgery,available,56,9%,4,Mathematics,,,
xli.surgery,available,56,5%,3,Mathematics,,,
lvii.surgery,available,56,1%,4,Mathematics,,,
liii.surgery,available,56,4%,4,Mathematics,,,
abeyant.surgery,available,56,1%,7,"Business,Law",,,
admittible.surgery,available,56,1%,10,"Education,Healthcare,Hospitality",,,
fiftynine.surgery,available,56,4%,10,Mathematics,,,
addled.surgery,available,56,2%,6,Entertainment,,,
fortytwo.surgery,available,56,17%,9,Mathematics,,,
fiftysix.surgery,available,56,4%,9,Mathematics,,,
fiftyone.surgery,available,56,7%,9,Mathematics,,,
lii.surgery,available,56,7%,3,Mathematics,,,
triad.surgery,available,56,15%,5,Arts,,,
ilx.surgery,available,56,5%,3,Mathematics,,,
potbellied.surgery,available,56,0%,10,"Health and Fitness,Medicine",,,
fortynine.surgery,available,56,3%,10,Mathematics,,,
xxxv.surgery,available,56,4%,4,Mathematics,,,
aone.surgery,available,56,15%,5,Food and Beverage,,,
xxix.surgery,available,56,4%,4,Mathematics,,,
xlviii.surgery,available,56,1%,6,Mathematics,,,
xlii.surgery,available,56,5%,4,Mathematics,,,
xxxiii.surgery,available,56,2%,6,Mathematics,,,
xxiv.surgery,available,56,5%,4,Mathematics,,,
xxxvii.surgery,available,56,2%,6,Mathematics,,,
fiftytwo.surgery,available,56,6%,9,Mathematics,,,
admissive.surgery,available,56,1%,9,"Education,Healthcare,Hospitality",,,
xlvi.surgery,available,56,3%,4,Mathematics,,,
xxvii.surgery,available,56,3%,5,Mathematics,,,
fortyone.surgery,available,56,4%,9,Mathematics,,,
xlvii.surgery,available,56,2%,5,Mathematics,,,
quadruplet.surgery,available,54,1%,10,"Healthcare,Medicine,Science",,,
fortyfive.surgery,available,54,4%,10,Mathematics,,,
adducent.surgery,available,54,1%,8,"Engineering,Mathematics,Science",,,
unnatural.surgery,available,54,4%,9,"Medicine,Science",,,
achy.surgery,available,54,3%,4,Healthcare,,,
scratchy.surgery,available,54,3%,8,Fashion,,,
monitory.surgery,available,54,3%,8,"Business,Education,Healthcare",,,
topnotch.surgery,available,54,18%,8,Business,,,
iii.surgery,available,54,24%,3,Mathematics,,,
abasic.surgery,available,54,1%,6,Science,,,
adjuratory.surgery,available,54,0%,10,"Law,Politics,Religion",,,
quatern.surgery,available,54,2%,7,Mathematics,,,
adducting.surgery,available,54,1%,9,"Engineering,Mathematics,Science",,,
adaxial.surgery,available,54,2%,7,Science,,,
acoustical.surgery,available,54,4%,10,Science,,,
deuceace.surgery,available,54,2%,9,Sports,,,
abient.surgery,available,54,1%,6,Science,,,
vii.surgery,available,54,13%,3,Mathematics,,,
adpressed.surgery,available,54,0%,9,"Agriculture,Manufacturing,Retail",,,
quintuplet.surgery,available,54,1%,10,"Healthcare,Medicine,Science",,,
viii.surgery,available,54,6%,4,Mathematics,,,
ternion.surgery,available,54,3%,7,Mathematics,,,
threescore.surgery,available,54,1%,10,Mathematics,,,
abatic.surgery,available,54,1%,6,Science,,,
actuated.surgery,available,54,2%,8,"Automotive,Manufacturing,Technology",,,
aboral.surgery,available,54,2%,6,Science,,,
abducens.surgery,available,54,1%,8,Medicine,,,
abhorrent.surgery,available,54,1%,9,Humanities,,,
admonitory.surgery,available,54,0%,10,"Business,Education,Healthcare",,,
quaternion.surgery,available,54,6%,10,Mathematics,,,
abatable.surgery,available,54,1%,8,Law,,,
achromatic.surgery,available,54,4%,10,Science,,,
quaternity.surgery,available,54,4%,10,Mathematics,,,
twoscore.surgery,available,54,2%,8,Mathematics,,,
deserted.surgery,available,54,3%,8,"Hospitality,Real Estate",,,
adductive.surgery,available,54,0%,9,"Engineering,Mathematics,Science",,,
accentual.surgery,available,54,3%,9,"Arts,Entertainment",,,
accursed.surgery,available,54,3%,8,"Entertainment,Media,Religion",,,
abaxial.surgery,available,54,1%,7,Science,,,
sise.surgery,available,54,5%,4,Mathematics,,,
fin.surgery,available,54,30%,3,Finance,,,
xxx.surgery,available,53,30%,3,"Arts,Entertainment,Media",,,
sestet.surgery,available,53,1%,6,Arts,,,
septet.surgery,available,53,1%,6,General,,,
lxiv.surgery,available,52,3%,4,Mathematics,,,
eightytwo.surgery,available,52,4%,10,Mathematics,,,
xcv.surgery,available,52,7%,3,Mathematics,,,
xci.surgery,available,52,4%,3,Mathematics,,,
detestable.surgery,available,52,1%,10,Humanities,,,
lxxii.surgery,available,52,1%,5,Mathematics,,,
lxvii.surgery,available,52,1%,5,Mathematics,,,
lxvi.surgery,available,52,3%,4,Mathematics,,,
lxv.surgery,available,52,5%,3,Mathematics,,,
xcii.surgery,available,52,2%,4,Mathematics,,,
repulsive.surgery,available,52,1%,9,Humanities,,,
sixtytwo.surgery,available,52,3%,9,Mathematics,,,
lxxxvi.surgery,available,52,1%,6,Mathematics,,,
lxxxii.surgery,available,52,1%,6,Mathematics,,,
lxxxi.surgery,available,52,1%,5,Mathematics,,,
lxxxv.surgery,available,52,1%,5,Mathematics,,,
lxxiii.surgery,available,52,1%,6,Mathematics,,,
aboulic.surgery,available,52,1%,7,Medicine,,,
lxxiv.surgery,available,52,1%,5,Mathematics,,,
ixl.surgery,available,52,9%,3,Mathematics,,,
lxxvi.surgery,available,52,1%,5,Mathematics,,,
uphill.surgery,available,52,7%,6,"Sports,Transportation,Travel",,,
xcvii.surgery,available,52,1%,5,Mathematics,,,
sixtyfive.surgery,available,52,3%,10,Mathematics,,,
xcviii.surgery,available,52,1%,6,Mathematics,,,
sixtyfour.surgery,available,52,3%,10,Mathematics,,,
lxxvii.surgery,available,52,2%,6,Mathematics,,,
sixtysix.surgery,available,52,4%,9,Mathematics,,,
ablated.surgery,available,52,1%,7,Science,,,
lxxxiv.surgery,available,52,1%,6,Mathematics,,,
eightyone.surgery,available,52,3%,10,Mathematics,,,
lxxi.surgery,available,52,1%,4,Mathematics,,,
ninetytwo.surgery,available,52,4%,10,Mathematics,,,
lxi.surgery,available,52,5%,3,Mathematics,,,
ixc.surgery,available,52,5%,3,Mathematics,,,
odious.surgery,available,52,2%,6,"Entertainment,Humanities",,,
ninetysix.surgery,available,52,4%,10,Mathematics,,,
lxviii.surgery,available,52,1%,6,Mathematics,,,
xciii.surgery,available,52,1%,5,Mathematics,,,
decumbent.surgery,available,52,1%,9,"Healthcare,Medicine,Science",,,
repugnant.surgery,available,52,1%,9,Humanities,,,
ninetyone.surgery,available,52,5%,10,Mathematics,,,
abominable.surgery,available,52,2%,10,"Entertainment,Humanities",,,
xcvi.surgery,available,52,2%,4,Mathematics,,,
lxxxvii.surgery,available,52,1%,7,Mathematics,,,
littlejoe.surgery,available,52,2%,10,"Entertainment,Media",,,
lxxxiii.surgery,available,52,1%,7,Mathematics,,,
tierce.surgery,available,52,3%,6,General,,,
abstruse.surgery,available,52,5%,8,"Humanities,Mathematics,Science",,,
xciv.surgery,available,52,2%,4,Mathematics,,,
chagrined.surgery,available,52,1%,9,Humanities,,,
adenoidal.surgery,available,52,1%,9,"Health and Fitness,Medicine,Science",,,
abusive.surgery,available,52,3%,7,"Healthcare,Law",,,
lxxv.surgery,available,52,1%,4,Mathematics,,,
lxiii.surgery,available,52,2%,5,Mathematics,,,
abysmal.surgery,available,52,4%,7,"Arts,Entertainment,Media",,,
lxii.surgery,available,52,1%,4,Mathematics,,,
aborticide.surgery,available,50,0%,10,Medicine,,,
acellular.surgery,available,50,1%,9,Science,,,
adhominem.surgery,available,50,2%,10,"Humanities,Law,Politics",,,
abactinal.surgery,available,50,0%,9,Science,,,
acerb.surgery,available,50,2%,5,Science,,,
acerbic.surgery,available,50,2%,7,"Arts,Humanities,Media",,,
acquitted.surgery,available,50,1%,9,Law,,,
lxx.surgery,available,50,5%,3,Mathematics,,,
vinegary.surgery,available,50,1%,8,Food and Beverage,,,
triplet.surgery,available,50,8%,7,Science,,,
spinous.surgery,available,50,1%,7,"Agriculture,Science",,,
acetose.surgery,available,50,1%,7,Science,,,
acetous.surgery,available,50,1%,7,Science,,,
abdicable.surgery,available,50,0%,9,Law,,,
abomasal.surgery,available,50,0%,8,Agriculture,,,
aculeated.surgery,available,50,0%,9,"Engineering,Medicine,Science",,,
ogdoad.surgery,available,50,1%,6,Mathematics,,,
acerose.surgery,available,50,1%,7,Science,,,
broached.surgery,available,50,0%,8,Food and Beverage,,,
gillless.surgery,available,50,0%,9,Science,,,
acapnic.surgery,available,50,0%,7,"Healthcare,Medicine,Science",,,
abbatial.surgery,available,50,0%,8,Religion,,,
acapnotic.surgery,available,50,0%,9,"Healthcare,Medicine,Science",,,
abranchial.surgery,available,50,0%,10,Science,,,
adactylous.surgery,available,50,0%,10,Science,,,
trine.surgery,available,50,11%,5,"General,Religion",,,
quint.surgery,available,50,13%,5,"Arts,Entertainment",,,
needlelike.surgery,available,50,0%,10,"Engineering,Medicine,Science",,,
abducting.surgery,available,50,0%,9,Medicine,,,
acaudal.surgery,available,50,1%,7,"Agriculture,Science",,,
scummy.surgery,available,50,1%,6,Humanities,,,
cinque.surgery,available,50,7%,6,Mathematics,,,
ilxx.surgery,available,48,1%,4,Mathematics,,,
abstracted.surgery,available,48,5%,10,"Arts,Humanities,Science",,,
notguilty.surgery,available,48,5%,10,Law,,,
apriori.surgery,available,48,13%,8,Mathematics,,,
ilxxx.surgery,available,48,1%,5,Mathematics,,,
lxxxviii.surgery,available,48,1%,8,Mathematics,,,
execrable.surgery,available,48,0%,9,"Entertainment,Humanities",,,
abyssal.surgery,available,48,12%,7,"Arts,Entertainment,Media",,,
acetylenic.surgery,available,46,1%,10,Science,,,
achromic.surgery,available,46,2%,8,Science,,,
acanthoid.surgery,available,46,1%,9,"Agriculture,Science",,,
acetabular.surgery,available,46,1%,10,Science,,,
theabsurd.surgery,available,46,1%,10,"Arts,Entertainment,Media",,,
acephalous.surgery,available,46,1%,10,Science,,,
acanthotic.surgery,available,46,0%,10,"Agriculture,Science",,,
acarpous.surgery,available,46,0%,8,"Agriculture,Science",,,
cotyloid.surgery,available,46,1%,8,Science,,,
acicular.surgery,available,46,2%,8,Science,,,
achenial.surgery,available,46,1%,8,Science,,,
acanthous.surgery,available,46,0%,9,"Agriculture,Science",,,
stemless.surgery,available,46,2%,8,"Agriculture,Science",,,
acheronian.surgery,available,46,1%,10,Humanities,,,
acetylic.surgery,available,46,1%,8,Science,,,
acetonic.surgery,available,46,1%,8,Science,,,
stripling.surgery,available,46,2%,9,"Education,Entertainment,Healthcare",,,
quaternary.surgery,available,46,3%,10,Mathematics,,,
acapnial.surgery,available,46,0%,8,"Healthcare,Medicine,Science",,,
achromous.surgery,available,46,1%,9,Science,,,
vinegarish.surgery,available,46,1%,10,Food and Beverage,,,
acaudate.surgery,available,46,1%,8,"Agriculture,Science",,,
acarpelous.surgery,available,46,0%,10,"Agriculture,Science",,,
acherontic.surgery,available,44,1%,10,Humanities,,,
cotyloidal.surgery,available,44,1%,10,Science,,,
accusatory.surgery,available,44,1%,10,Law,,,
phoebe.surgery,available,41,14%,6,Science,,,
abscessed.surgery,available,41,0%,9,Healthcare,,,
accusive.surgery,available,40,1%,8,Law,,,
accurst.surgery,available,40,1%,7,Religion,,,
scurrilous.surgery,available,40,1%,10,"Entertainment,Media,Politics",,,